batch_id,clickup_list_id,shipment_index,shipment_key,task_id,task_url,task_name,received_at,from_email,to_email,subject,shipper_name,shipper_email,customer_name,origin,pol,mother_pol,port_of_discharge,booking_number,number_of_containers,container_type,container_numbers,cargo_description,cargo_ready_date,etd,eta,initial_estatus_db,mode,error
ONE-EMAIL-SEED-20260429080000,901712832326,1,ONE-TT-0001,,,"EMAIL | ONE-TT-0001 | ONEYTT26000001 | Ningbo, China",2026-04-29T08:00:00-06:00,exports@ningbo-harbor-parts.cn,sandbox-shipments@mtm-logistics.test,"New ONE shipment request - ONEYTT26000001 - 1x 40 HC from Ningbo, China","Ningbo Harbor Precision Parts Co., Ltd.",exports@ningbo-harbor-parts.cn,Sandbox Customer Guatemala,"Ningbo, China factory zone","Ningbo, China",NINGBO,"MANZANILLO, MEXICO",ONEYTT26000001,1,40 HC,ONEU2600016,"Auto spare parts, non-hazardous",2026-05-02T09:00:00-06:00,2026-05-05T18:00:00-06:00,2026-05-30T18:00:00-06:00,Booking por Confirmar,dry-run,
ONE-EMAIL-SEED-20260429080000,901712832326,2,ONE-TT-0002,,,"EMAIL | ONE-TT-0002 | ONEYTT26000002 | Shekou, China",2026-04-29T08:00:30-06:00,shipping@apexhome-shenzhen.cn,sandbox-shipments@mtm-logistics.test,"New ONE shipment request - ONEYTT26000002 - 2x 40 DRY from Shekou, China",Shenzhen Apex Home Products Ltd.,shipping@apexhome-shenzhen.cn,Sandbox Customer Mexico,"Shekou, China factory zone","Shekou, China",SHEKOU,PUERTO QUETZAL,ONEYTT26000002,2,40 DRY,ONEU2600021; ONEU2610020,Household goods and retail fixtures,2026-05-03T09:00:00-06:00,2026-05-06T18:00:00-06:00,2026-06-01T18:00:00-06:00,Booking por Confirmar,dry-run,
ONE-EMAIL-SEED-20260429080000,901712832326,3,ONE-TT-0003,,,"EMAIL | ONE-TT-0003 | ONEYTT26000003 | Yantian, China",2026-04-29T08:01:00-06:00,logistics@sunrise-machinery.cn,sandbox-shipments@mtm-logistics.test,"New ONE shipment request - ONEYTT26000003 - 3x 20GP from Yantian, China","Qingdao Sunrise Machinery Co., Ltd.",logistics@sunrise-machinery.cn,Sandbox Customer El Salvador,"Yantian, China factory zone","Yantian, China",YANTIAN,"VERACRUZ, MEXICO",ONEYTT26000003,3,20GP,ONEU2600037; ONEU2610035; ONEU2620033,Ceramic tiles and sanitary ware,2026-05-04T09:00:00-06:00,2026-05-07T18:00:00-06:00,2026-06-03T18:00:00-06:00,Booking por Confirmar,dry-run,
ONE-EMAIL-SEED-20260429080000,901712832326,4,ONE-TT-0004,,,"EMAIL | ONE-TT-0004 | ONEYTT26000004 | Qingdao, China",2026-04-29T08:01:30-06:00,docs@blueocean-ceramics.cn,sandbox-shipments@mtm-logistics.test,"New ONE shipment request - ONEYTT26000004 - 4x 40 DRY from Qingdao, China",Xiamen Blue Ocean Ceramics Ltd.,docs@blueocean-ceramics.cn,Sandbox Automotive Imports,"Qingdao, China factory zone","Qingdao, China",QINGDAO,PUERTO SANTO TOMÁS DE CASTILLA,ONEYTT26000004,4,40 DRY,ONEU2600042; ONEU2610040; ONEU2620049; ONEU2630047,LED lighting components,2026-05-05T09:00:00-06:00,2026-05-08T18:00:00-06:00,2026-06-05T18:00:00-06:00,Booking por Confirmar,dry-run,
ONE-EMAIL-SEED-20260429080000,901712832326,5,ONE-TT-0005,,,"EMAIL | ONE-TT-0005 | ONEYTT26000005 | Xiamen, China",2026-04-29T08:02:00-06:00,export.ops@yantian-electronics.cn,sandbox-shipments@mtm-logistics.test,"New ONE shipment request - ONEYTT26000005 - 5x 40 HC from Xiamen, China","Yantian Global Electronics Co., Ltd.",export.ops@yantian-electronics.cn,Sandbox Retail Distribution,"Xiamen, China factory zone","Xiamen, China",YANTIAN,"Lázaro Cárdenas, México",ONEYTT26000005,5,40 HC,ONEU2600058; ONEU2610056; ONEU2620054; ONEU2630052; ONEU2640050,Textile rolls and accessories,2026-05-06T09:00:00-06:00,2026-05-09T18:00:00-06:00,2026-06-07T18:00:00-06:00,Booking por Confirmar,dry-run,
ONE-EMAIL-SEED-20260429080000,901712832326,6,ONE-TT-0006,,,"EMAIL | ONE-TT-0006 | ONEYTT26000006 | Ningbo, China",2026-04-29T08:02:30-06:00,salesops@meridian-foshan.cn,sandbox-shipments@mtm-logistics.test,"New ONE shipment request - ONEYTT26000006 - 1x 40 DRY from Ningbo, China",Foshan Meridian Furniture Manufacturing,salesops@meridian-foshan.cn,Sandbox Industrial Supplies,"Ningbo, China factory zone","Ningbo, China",NINGBO,PUERTO QUETZAL,ONEYTT26000006,1,40 DRY,ONEU2600063,Plastic household articles,2026-05-07T09:00:00-06:00,2026-05-10T18:00:00-06:00,2026-06-03T18:00:00-06:00,Booking por Confirmar,dry-run,
ONE-EMAIL-SEED-20260429080000,901712832326,7,ONE-TT-0007,,,"EMAIL | ONE-TT-0007 | ONEYTT26000007 | Ningbo, China",2026-04-29T08:03:00-06:00,shipment@pearl-lighting.cn,sandbox-shipments@mtm-logistics.test,"New ONE shipment request - ONEYTT26000007 - 2x 40 DRY from Ningbo, China",Guangzhou Pearl Lighting Factory,shipment@pearl-lighting.cn,Sandbox Customer Guatemala,"Ningbo, China factory zone","Ningbo, China",NINGBO,"MANZANILLO, MEXICO",ONEYTT26000007,2,40 DRY,ONEU2600079; ONEU2610077,"Furniture parts, KD packed",2026-05-01T09:00:00-06:00,2026-05-11T18:00:00-06:00,2026-06-05T18:00:00-06:00,Booking por Confirmar,dry-run,
ONE-EMAIL-SEED-20260429080000,901712832326,8,ONE-TT-0008,,,"EMAIL | ONE-TT-0008 | ONEYTT26000008 | Shekou, China",2026-04-29T08:03:30-06:00,booking@eastline-tools.cn,sandbox-shipments@mtm-logistics.test,"New ONE shipment request - ONEYTT26000008 - 3x 40 HC from Shekou, China","Ningbo Eastline Tools Co., Ltd.",booking@eastline-tools.cn,Sandbox Customer Mexico,"Shekou, China factory zone","Shekou, China",SHEKOU,PUERTO QUETZAL,ONEYTT26000008,3,40 HC,ONEU2600084; ONEU2610082; ONEU2620080,Machinery spare parts,2026-05-02T09:00:00-06:00,2026-05-12T18:00:00-06:00,2026-06-07T18:00:00-06:00,Booking por Confirmar,dry-run,
ONE-EMAIL-SEED-20260429080000,901712832326,9,ONE-TT-0009,,,"EMAIL | ONE-TT-0009 | ONEYTT26000009 | Yantian, China",2026-04-29T08:04:00-06:00,export@brighttoys-shantou.cn,sandbox-shipments@mtm-logistics.test,"New ONE shipment request - ONEYTT26000009 - 4x 40 HC from Yantian, China",Shantou Bright Toys Manufacturing,export@brighttoys-shantou.cn,Sandbox Customer El Salvador,"Yantian, China factory zone","Yantian, China",YANTIAN,"VERACRUZ, MEXICO",ONEYTT26000009,4,40 HC,ONEU2600090; ONEU2610098; ONEU2620096; ONEU2630094,"Auto spare parts, non-hazardous",2026-05-03T09:00:00-06:00,2026-05-04T18:00:00-06:00,2026-05-31T18:00:00-06:00,Booking por Confirmar,dry-run,
ONE-EMAIL-SEED-20260429080000,901712832326,10,ONE-TT-0010,,,"EMAIL | ONE-TT-0010 | ONEYTT26000010 | Qingdao, China",2026-04-29T08:04:30-06:00,logistics@primetextile-suzhou.cn,sandbox-shipments@mtm-logistics.test,"New ONE shipment request - ONEYTT26000010 - 5x 20GP from Qingdao, China",Suzhou Prime Textile Group,logistics@primetextile-suzhou.cn,Sandbox Automotive Imports,"Qingdao, China factory zone","Qingdao, China",QINGDAO,PUERTO SANTO TOMÁS DE CASTILLA,ONEYTT26000010,5,20GP,ONEU2600103; ONEU2610101; ONEU2620100; ONEU2630108; ONEU2640106,Household goods and retail fixtures,2026-05-04T09:00:00-06:00,2026-05-05T18:00:00-06:00,2026-06-02T18:00:00-06:00,Booking por Confirmar,dry-run,
ONE-EMAIL-SEED-20260429080000,901712832326,11,ONE-TT-0011,,,"EMAIL | ONE-TT-0011 | ONEYTT26000011 | Xiamen, China",2026-04-29T08:05:00-06:00,exports@ningbo-harbor-parts.cn,sandbox-shipments@mtm-logistics.test,"New ONE shipment request - ONEYTT26000011 - 1x 40 HC from Xiamen, China","Ningbo Harbor Precision Parts Co., Ltd.",exports@ningbo-harbor-parts.cn,Sandbox Retail Distribution,"Xiamen, China factory zone","Xiamen, China",YANTIAN,"Lázaro Cárdenas, México",ONEYTT26000011,1,40 HC,ONEU2600119,Ceramic tiles and sanitary ware,2026-05-05T09:00:00-06:00,2026-05-06T18:00:00-06:00,2026-06-04T18:00:00-06:00,Booking por Confirmar,dry-run,
ONE-EMAIL-SEED-20260429080000,901712832326,12,ONE-TT-0012,,,"EMAIL | ONE-TT-0012 | ONEYTT26000012 | Ningbo, China",2026-04-29T08:05:30-06:00,shipping@apexhome-shenzhen.cn,sandbox-shipments@mtm-logistics.test,"New ONE shipment request - ONEYTT26000012 - 2x 40 DRY from Ningbo, China",Shenzhen Apex Home Products Ltd.,shipping@apexhome-shenzhen.cn,Sandbox Industrial Supplies,"Ningbo, China factory zone","Ningbo, China",NINGBO,PUERTO QUETZAL,ONEYTT26000012,2,40 DRY,ONEU2600124; ONEU2610122,LED lighting components,2026-05-06T09:00:00-06:00,2026-05-07T18:00:00-06:00,2026-05-31T18:00:00-06:00,Booking por Confirmar,dry-run,
ONE-EMAIL-SEED-20260429080000,901712832326,13,ONE-TT-0013,,,"EMAIL | ONE-TT-0013 | ONEYTT26000013 | Ningbo, China",2026-04-29T08:06:00-06:00,logistics@sunrise-machinery.cn,sandbox-shipments@mtm-logistics.test,"New ONE shipment request - ONEYTT26000013 - 3x 40 DRY from Ningbo, China","Qingdao Sunrise Machinery Co., Ltd.",logistics@sunrise-machinery.cn,Sandbox Customer Guatemala,"Ningbo, China factory zone","Ningbo, China",NINGBO,"MANZANILLO, MEXICO",ONEYTT26000013,3,40 DRY,ONEU2600130; ONEU2610138; ONEU2620136,Textile rolls and accessories,2026-05-07T09:00:00-06:00,2026-05-08T18:00:00-06:00,2026-06-02T18:00:00-06:00,Booking por Confirmar,dry-run,
ONE-EMAIL-SEED-20260429080000,901712832326,14,ONE-TT-0014,,,"EMAIL | ONE-TT-0014 | ONEYTT26000014 | Shekou, China",2026-04-29T08:06:30-06:00,docs@blueocean-ceramics.cn,sandbox-shipments@mtm-logistics.test,"New ONE shipment request - ONEYTT26000014 - 4x 40 HC from Shekou, China",Xiamen Blue Ocean Ceramics Ltd.,docs@blueocean-ceramics.cn,Sandbox Customer Mexico,"Shekou, China factory zone","Shekou, China",SHEKOU,PUERTO QUETZAL,ONEYTT26000014,4,40 HC,ONEU2600145; ONEU2610143; ONEU2620141; ONEU2630140,Plastic household articles,2026-05-01T09:00:00-06:00,2026-05-09T18:00:00-06:00,2026-06-04T18:00:00-06:00,Booking por Confirmar,dry-run,
ONE-EMAIL-SEED-20260429080000,901712832326,15,ONE-TT-0015,,,"EMAIL | ONE-TT-0015 | ONEYTT26000015 | Yantian, China",2026-04-29T08:07:00-06:00,export.ops@yantian-electronics.cn,sandbox-shipments@mtm-logistics.test,"New ONE shipment request - ONEYTT26000015 - 5x 40 HC from Yantian, China","Yantian Global Electronics Co., Ltd.",export.ops@yantian-electronics.cn,Sandbox Customer El Salvador,"Yantian, China factory zone","Yantian, China",YANTIAN,"VERACRUZ, MEXICO",ONEYTT26000015,5,40 HC,ONEU2600150; ONEU2610159; ONEU2620157; ONEU2630155; ONEU2640153,"Furniture parts, KD packed",2026-05-02T09:00:00-06:00,2026-05-10T18:00:00-06:00,2026-06-06T18:00:00-06:00,Booking por Confirmar,dry-run,
ONE-EMAIL-SEED-20260429080000,901712832326,16,ONE-TT-0016,,,"EMAIL | ONE-TT-0016 | ONEYTT26000016 | Qingdao, China",2026-04-29T08:07:30-06:00,salesops@meridian-foshan.cn,sandbox-shipments@mtm-logistics.test,"New ONE shipment request - ONEYTT26000016 - 1x 40 HC from Qingdao, China",Foshan Meridian Furniture Manufacturing,salesops@meridian-foshan.cn,Sandbox Automotive Imports,"Qingdao, China factory zone","Qingdao, China",QINGDAO,PUERTO SANTO TOMÁS DE CASTILLA,ONEYTT26000016,1,40 HC,ONEU2600166,Machinery spare parts,2026-05-03T09:00:00-06:00,2026-05-11T18:00:00-06:00,2026-06-08T18:00:00-06:00,Booking por Confirmar,dry-run,
ONE-EMAIL-SEED-20260429080000,901712832326,17,ONE-TT-0017,,,"EMAIL | ONE-TT-0017 | ONEYTT26000017 | Xiamen, China",2026-04-29T08:08:00-06:00,shipment@pearl-lighting.cn,sandbox-shipments@mtm-logistics.test,"New ONE shipment request - ONEYTT26000017 - 2x 40 HC from Xiamen, China",Guangzhou Pearl Lighting Factory,shipment@pearl-lighting.cn,Sandbox Retail Distribution,"Xiamen, China factory zone","Xiamen, China",YANTIAN,"Lázaro Cárdenas, México",ONEYTT26000017,2,40 HC,ONEU2600171; ONEU2610170,"Auto spare parts, non-hazardous",2026-05-04T09:00:00-06:00,2026-05-12T18:00:00-06:00,2026-06-10T18:00:00-06:00,Booking por Confirmar,dry-run,
ONE-EMAIL-SEED-20260429080000,901712832326,18,ONE-TT-0018,,,"EMAIL | ONE-TT-0018 | ONEYTT26000018 | Ningbo, China",2026-04-29T08:08:30-06:00,booking@eastline-tools.cn,sandbox-shipments@mtm-logistics.test,"New ONE shipment request - ONEYTT26000018 - 3x 40 HC from Ningbo, China","Ningbo Eastline Tools Co., Ltd.",booking@eastline-tools.cn,Sandbox Industrial Supplies,"Ningbo, China factory zone","Ningbo, China",NINGBO,PUERTO QUETZAL,ONEYTT26000018,3,40 HC,ONEU2600187; ONEU2610185; ONEU2620183,Household goods and retail fixtures,2026-05-05T09:00:00-06:00,2026-05-04T18:00:00-06:00,2026-05-28T18:00:00-06:00,Booking por Confirmar,dry-run,
ONE-EMAIL-SEED-20260429080000,901712832326,19,ONE-TT-0019,,,"EMAIL | ONE-TT-0019 | ONEYTT26000019 | Ningbo, China",2026-04-29T08:09:00-06:00,export@brighttoys-shantou.cn,sandbox-shipments@mtm-logistics.test,"New ONE shipment request - ONEYTT26000019 - 4x 20GP from Ningbo, China",Shantou Bright Toys Manufacturing,export@brighttoys-shantou.cn,Sandbox Customer Guatemala,"Ningbo, China factory zone","Ningbo, China",NINGBO,"MANZANILLO, MEXICO",ONEYTT26000019,4,20GP,ONEU2600192; ONEU2610190; ONEU2620199; ONEU2630197,Ceramic tiles and sanitary ware,2026-05-06T09:00:00-06:00,2026-05-05T18:00:00-06:00,2026-05-30T18:00:00-06:00,Booking por Confirmar,dry-run,
ONE-EMAIL-SEED-20260429080000,901712832326,20,ONE-TT-0020,,,"EMAIL | ONE-TT-0020 | ONEYTT26000020 | Shekou, China",2026-04-29T08:09:30-06:00,logistics@primetextile-suzhou.cn,sandbox-shipments@mtm-logistics.test,"New ONE shipment request - ONEYTT26000020 - 5x 40 HC from Shekou, China",Suzhou Prime Textile Group,logistics@primetextile-suzhou.cn,Sandbox Customer Mexico,"Shekou, China factory zone","Shekou, China",SHEKOU,PUERTO QUETZAL,ONEYTT26000020,5,40 HC,ONEU2600206; ONEU2610204; ONEU2620202; ONEU2630200; ONEU2640209,LED lighting components,2026-05-07T09:00:00-06:00,2026-05-06T18:00:00-06:00,2026-06-01T18:00:00-06:00,Booking por Confirmar,dry-run,
ONE-EMAIL-SEED-20260429080000,901712832326,21,ONE-TT-0021,,,"EMAIL | ONE-TT-0021 | ONEYTT26000021 | Yantian, China",2026-04-29T08:10:00-06:00,exports@ningbo-harbor-parts.cn,sandbox-shipments@mtm-logistics.test,"New ONE shipment request - ONEYTT26000021 - 1x 40 HC from Yantian, China","Ningbo Harbor Precision Parts Co., Ltd.",exports@ningbo-harbor-parts.cn,Sandbox Customer El Salvador,"Yantian, China factory zone","Yantian, China",YANTIAN,"VERACRUZ, MEXICO",ONEYTT26000021,1,40 HC,ONEU2600211,Textile rolls and accessories,2026-05-01T09:00:00-06:00,2026-05-07T18:00:00-06:00,2026-06-03T18:00:00-06:00,Booking por Confirmar,dry-run,
ONE-EMAIL-SEED-20260429080000,901712832326,22,ONE-TT-0022,,,"EMAIL | ONE-TT-0022 | ONEYTT26000022 | Qingdao, China",2026-04-29T08:10:30-06:00,shipping@apexhome-shenzhen.cn,sandbox-shipments@mtm-logistics.test,"New ONE shipment request - ONEYTT26000022 - 2x 40 DRY from Qingdao, China",Shenzhen Apex Home Products Ltd.,shipping@apexhome-shenzhen.cn,Sandbox Automotive Imports,"Qingdao, China factory zone","Qingdao, China",QINGDAO,PUERTO SANTO TOMÁS DE CASTILLA,ONEYTT26000022,2,40 DRY,ONEU2600227; ONEU2610225,Plastic household articles,2026-05-02T09:00:00-06:00,2026-05-08T18:00:00-06:00,2026-06-05T18:00:00-06:00,Booking por Confirmar,dry-run,
ONE-EMAIL-SEED-20260429080000,901712832326,23,ONE-TT-0023,,,"EMAIL | ONE-TT-0023 | ONEYTT26000023 | Xiamen, China",2026-04-29T08:11:00-06:00,logistics@sunrise-machinery.cn,sandbox-shipments@mtm-logistics.test,"New ONE shipment request - ONEYTT26000023 - 3x 40 DRY from Xiamen, China","Qingdao Sunrise Machinery Co., Ltd.",logistics@sunrise-machinery.cn,Sandbox Retail Distribution,"Xiamen, China factory zone","Xiamen, China",YANTIAN,"Lázaro Cárdenas, México",ONEYTT26000023,3,40 DRY,ONEU2600232; ONEU2610230; ONEU2620239,"Furniture parts, KD packed",2026-05-03T09:00:00-06:00,2026-05-09T18:00:00-06:00,2026-06-07T18:00:00-06:00,Booking por Confirmar,dry-run,
ONE-EMAIL-SEED-20260429080000,901712832326,24,ONE-TT-0024,,,"EMAIL | ONE-TT-0024 | ONEYTT26000024 | Ningbo, China",2026-04-29T08:11:30-06:00,docs@blueocean-ceramics.cn,sandbox-shipments@mtm-logistics.test,"New ONE shipment request - ONEYTT26000024 - 4x 40 HC from Ningbo, China",Xiamen Blue Ocean Ceramics Ltd.,docs@blueocean-ceramics.cn,Sandbox Industrial Supplies,"Ningbo, China factory zone","Ningbo, China",NINGBO,PUERTO QUETZAL,ONEYTT26000024,4,40 HC,ONEU2600248; ONEU2610246; ONEU2620244; ONEU2630242,Machinery spare parts,2026-05-04T09:00:00-06:00,2026-05-10T18:00:00-06:00,2026-06-03T18:00:00-06:00,Booking por Confirmar,dry-run,
ONE-EMAIL-SEED-20260429080000,901712832326,25,ONE-TT-0025,,,"EMAIL | ONE-TT-0025 | ONEYTT26000025 | Ningbo, China",2026-04-29T08:12:00-06:00,export.ops@yantian-electronics.cn,sandbox-shipments@mtm-logistics.test,"New ONE shipment request - ONEYTT26000025 - 5x 20GP from Ningbo, China","Yantian Global Electronics Co., Ltd.",export.ops@yantian-electronics.cn,Sandbox Customer Guatemala,"Ningbo, China factory zone","Ningbo, China",NINGBO,"MANZANILLO, MEXICO",ONEYTT26000025,5,20GP,ONEU2600253; ONEU2610251; ONEU2620250; ONEU2630258; ONEU2640256,"Auto spare parts, non-hazardous",2026-05-05T09:00:00-06:00,2026-05-11T18:00:00-06:00,2026-06-05T18:00:00-06:00,Booking por Confirmar,dry-run,
ONE-EMAIL-SEED-20260429080000,901712832326,26,ONE-TT-0026,,,"EMAIL | ONE-TT-0026 | ONEYTT26000026 | Shekou, China",2026-04-29T08:12:30-06:00,salesops@meridian-foshan.cn,sandbox-shipments@mtm-logistics.test,"New ONE shipment request - ONEYTT26000026 - 1x 40 DRY from Shekou, China",Foshan Meridian Furniture Manufacturing,salesops@meridian-foshan.cn,Sandbox Customer Mexico,"Shekou, China factory zone","Shekou, China",SHEKOU,PUERTO QUETZAL,ONEYTT26000026,1,40 DRY,ONEU2600269,Household goods and retail fixtures,2026-05-06T09:00:00-06:00,2026-05-12T18:00:00-06:00,2026-06-07T18:00:00-06:00,Booking por Confirmar,dry-run,
ONE-EMAIL-SEED-20260429080000,901712832326,27,ONE-TT-0027,,,"EMAIL | ONE-TT-0027 | ONEYTT26000027 | Yantian, China",2026-04-29T08:13:00-06:00,shipment@pearl-lighting.cn,sandbox-shipments@mtm-logistics.test,"New ONE shipment request - ONEYTT26000027 - 2x 40 DRY from Yantian, China",Guangzhou Pearl Lighting Factory,shipment@pearl-lighting.cn,Sandbox Customer El Salvador,"Yantian, China factory zone","Yantian, China",YANTIAN,"VERACRUZ, MEXICO",ONEYTT26000027,2,40 DRY,ONEU2600274; ONEU2610272,Ceramic tiles and sanitary ware,2026-05-07T09:00:00-06:00,2026-05-04T18:00:00-06:00,2026-05-31T18:00:00-06:00,Booking por Confirmar,dry-run,
ONE-EMAIL-SEED-20260429080000,901712832326,28,ONE-TT-0028,,,"EMAIL | ONE-TT-0028 | ONEYTT26000028 | Qingdao, China",2026-04-29T08:13:30-06:00,booking@eastline-tools.cn,sandbox-shipments@mtm-logistics.test,"New ONE shipment request - ONEYTT26000028 - 3x 40 DRY from Qingdao, China","Ningbo Eastline Tools Co., Ltd.",booking@eastline-tools.cn,Sandbox Automotive Imports,"Qingdao, China factory zone","Qingdao, China",QINGDAO,PUERTO SANTO TOMÁS DE CASTILLA,ONEYTT26000028,3,40 DRY,ONEU2600280; ONEU2610288; ONEU2620286,LED lighting components,2026-05-01T09:00:00-06:00,2026-05-05T18:00:00-06:00,2026-06-02T18:00:00-06:00,Booking por Confirmar,dry-run,
ONE-EMAIL-SEED-20260429080000,901712832326,29,ONE-TT-0029,,,"EMAIL | ONE-TT-0029 | ONEYTT26000029 | Xiamen, China",2026-04-29T08:14:00-06:00,export@brighttoys-shantou.cn,sandbox-shipments@mtm-logistics.test,"New ONE shipment request - ONEYTT26000029 - 4x 40 DRY from Xiamen, China",Shantou Bright Toys Manufacturing,export@brighttoys-shantou.cn,Sandbox Retail Distribution,"Xiamen, China factory zone","Xiamen, China",YANTIAN,"Lázaro Cárdenas, México",ONEYTT26000029,4,40 DRY,ONEU2600295; ONEU2610293; ONEU2620291; ONEU2630290,Textile rolls and accessories,2026-05-02T09:00:00-06:00,2026-05-06T18:00:00-06:00,2026-06-04T18:00:00-06:00,Booking por Confirmar,dry-run,
ONE-EMAIL-SEED-20260429080000,901712832326,30,ONE-TT-0030,,,"EMAIL | ONE-TT-0030 | ONEYTT26000030 | Ningbo, China",2026-04-29T08:14:30-06:00,logistics@primetextile-suzhou.cn,sandbox-shipments@mtm-logistics.test,"New ONE shipment request - ONEYTT26000030 - 5x 40 DRY from Ningbo, China",Suzhou Prime Textile Group,logistics@primetextile-suzhou.cn,Sandbox Industrial Supplies,"Ningbo, China factory zone","Ningbo, China",NINGBO,PUERTO QUETZAL,ONEYTT26000030,5,40 DRY,ONEU2600309; ONEU2610307; ONEU2620305; ONEU2630303; ONEU2640301,Plastic household articles,2026-05-03T09:00:00-06:00,2026-05-07T18:00:00-06:00,2026-05-31T18:00:00-06:00,Booking por Confirmar,dry-run,
ONE-EMAIL-SEED-20260429080000,901712832326,31,ONE-TT-0031,,,"EMAIL | ONE-TT-0031 | ONEYTT26000031 | Ningbo, China",2026-04-29T08:15:00-06:00,exports@ningbo-harbor-parts.cn,sandbox-shipments@mtm-logistics.test,"New ONE shipment request - ONEYTT26000031 - 1x 40 DRY from Ningbo, China","Ningbo Harbor Precision Parts Co., Ltd.",exports@ningbo-harbor-parts.cn,Sandbox Customer Guatemala,"Ningbo, China factory zone","Ningbo, China",NINGBO,"MANZANILLO, MEXICO",ONEYTT26000031,1,40 DRY,ONEU2600314,"Furniture parts, KD packed",2026-05-04T09:00:00-06:00,2026-05-08T18:00:00-06:00,2026-06-02T18:00:00-06:00,Booking por Confirmar,dry-run,
ONE-EMAIL-SEED-20260429080000,901712832326,32,ONE-TT-0032,,,"EMAIL | ONE-TT-0032 | ONEYTT26000032 | Shekou, China",2026-04-29T08:15:30-06:00,shipping@apexhome-shenzhen.cn,sandbox-shipments@mtm-logistics.test,"New ONE shipment request - ONEYTT26000032 - 2x 20GP from Shekou, China",Shenzhen Apex Home Products Ltd.,shipping@apexhome-shenzhen.cn,Sandbox Customer Mexico,"Shekou, China factory zone","Shekou, China",SHEKOU,PUERTO QUETZAL,ONEYTT26000032,2,20GP,ONEU2600320; ONEU2610328,Machinery spare parts,2026-05-05T09:00:00-06:00,2026-05-09T18:00:00-06:00,2026-06-04T18:00:00-06:00,Booking por Confirmar,dry-run,
ONE-EMAIL-SEED-20260429080000,901712832326,33,ONE-TT-0033,,,"EMAIL | ONE-TT-0033 | ONEYTT26000033 | Yantian, China",2026-04-29T08:16:00-06:00,logistics@sunrise-machinery.cn,sandbox-shipments@mtm-logistics.test,"New ONE shipment request - ONEYTT26000033 - 3x 40 HC from Yantian, China","Qingdao Sunrise Machinery Co., Ltd.",logistics@sunrise-machinery.cn,Sandbox Customer El Salvador,"Yantian, China factory zone","Yantian, China",YANTIAN,"VERACRUZ, MEXICO",ONEYTT26000033,3,40 HC,ONEU2600335; ONEU2610333; ONEU2620331,"Auto spare parts, non-hazardous",2026-05-06T09:00:00-06:00,2026-05-10T18:00:00-06:00,2026-06-06T18:00:00-06:00,Booking por Confirmar,dry-run,
ONE-EMAIL-SEED-20260429080000,901712832326,34,ONE-TT-0034,,,"EMAIL | ONE-TT-0034 | ONEYTT26000034 | Qingdao, China",2026-04-29T08:16:30-06:00,docs@blueocean-ceramics.cn,sandbox-shipments@mtm-logistics.test,"New ONE shipment request - ONEYTT26000034 - 4x 40 HC from Qingdao, China",Xiamen Blue Ocean Ceramics Ltd.,docs@blueocean-ceramics.cn,Sandbox Automotive Imports,"Qingdao, China factory zone","Qingdao, China",QINGDAO,PUERTO SANTO TOMÁS DE CASTILLA,ONEYTT26000034,4,40 HC,ONEU2600340; ONEU2610349; ONEU2620347; ONEU2630345,Household goods and retail fixtures,2026-05-07T09:00:00-06:00,2026-05-11T18:00:00-06:00,2026-06-08T18:00:00-06:00,Booking por Confirmar,dry-run,
ONE-EMAIL-SEED-20260429080000,901712832326,35,ONE-TT-0035,,,"EMAIL | ONE-TT-0035 | ONEYTT26000035 | Xiamen, China",2026-04-29T08:17:00-06:00,export.ops@yantian-electronics.cn,sandbox-shipments@mtm-logistics.test,"New ONE shipment request - ONEYTT26000035 - 5x 40 DRY from Xiamen, China","Yantian Global Electronics Co., Ltd.",export.ops@yantian-electronics.cn,Sandbox Retail Distribution,"Xiamen, China factory zone","Xiamen, China",YANTIAN,"Lázaro Cárdenas, México",ONEYTT26000035,5,40 DRY,ONEU2600356; ONEU2610354; ONEU2620352; ONEU2630350; ONEU2640359,Ceramic tiles and sanitary ware,2026-05-01T09:00:00-06:00,2026-05-12T18:00:00-06:00,2026-06-10T18:00:00-06:00,Booking por Confirmar,dry-run,
ONE-EMAIL-SEED-20260429080000,901712832326,36,ONE-TT-0036,,,"EMAIL | ONE-TT-0036 | ONEYTT26000036 | Ningbo, China",2026-04-29T08:17:30-06:00,salesops@meridian-foshan.cn,sandbox-shipments@mtm-logistics.test,"New ONE shipment request - ONEYTT26000036 - 1x 20GP from Ningbo, China",Foshan Meridian Furniture Manufacturing,salesops@meridian-foshan.cn,Sandbox Industrial Supplies,"Ningbo, China factory zone","Ningbo, China",NINGBO,PUERTO QUETZAL,ONEYTT26000036,1,20GP,ONEU2600361,LED lighting components,2026-05-02T09:00:00-06:00,2026-05-04T18:00:00-06:00,2026-05-28T18:00:00-06:00,Booking por Confirmar,dry-run,
ONE-EMAIL-SEED-20260429080000,901712832326,37,ONE-TT-0037,,,"EMAIL | ONE-TT-0037 | ONEYTT26000037 | Ningbo, China",2026-04-29T08:18:00-06:00,shipment@pearl-lighting.cn,sandbox-shipments@mtm-logistics.test,"New ONE shipment request - ONEYTT26000037 - 2x 40 HC from Ningbo, China",Guangzhou Pearl Lighting Factory,shipment@pearl-lighting.cn,Sandbox Customer Guatemala,"Ningbo, China factory zone","Ningbo, China",NINGBO,"MANZANILLO, MEXICO",ONEYTT26000037,2,40 HC,ONEU2600377; ONEU2610375,Textile rolls and accessories,2026-05-03T09:00:00-06:00,2026-05-05T18:00:00-06:00,2026-05-30T18:00:00-06:00,Booking por Confirmar,dry-run,
ONE-EMAIL-SEED-20260429080000,901712832326,38,ONE-TT-0038,,,"EMAIL | ONE-TT-0038 | ONEYTT26000038 | Shekou, China",2026-04-29T08:18:30-06:00,booking@eastline-tools.cn,sandbox-shipments@mtm-logistics.test,"New ONE shipment request - ONEYTT26000038 - 3x 20GP from Shekou, China","Ningbo Eastline Tools Co., Ltd.",booking@eastline-tools.cn,Sandbox Customer Mexico,"Shekou, China factory zone","Shekou, China",SHEKOU,PUERTO QUETZAL,ONEYTT26000038,3,20GP,ONEU2600382; ONEU2610380; ONEU2620389,Plastic household articles,2026-05-04T09:00:00-06:00,2026-05-06T18:00:00-06:00,2026-06-01T18:00:00-06:00,Booking por Confirmar,dry-run,
ONE-EMAIL-SEED-20260429080000,901712832326,39,ONE-TT-0039,,,"EMAIL | ONE-TT-0039 | ONEYTT26000039 | Yantian, China",2026-04-29T08:19:00-06:00,export@brighttoys-shantou.cn,sandbox-shipments@mtm-logistics.test,"New ONE shipment request - ONEYTT26000039 - 4x 40 DRY from Yantian, China",Shantou Bright Toys Manufacturing,export@brighttoys-shantou.cn,Sandbox Customer El Salvador,"Yantian, China factory zone","Yantian, China",YANTIAN,"VERACRUZ, MEXICO",ONEYTT26000039,4,40 DRY,ONEU2600398; ONEU2610396; ONEU2620394; ONEU2630392,"Furniture parts, KD packed",2026-05-05T09:00:00-06:00,2026-05-07T18:00:00-06:00,2026-06-03T18:00:00-06:00,Booking por Confirmar,dry-run,
ONE-EMAIL-SEED-20260429080000,901712832326,40,ONE-TT-0040,,,"EMAIL | ONE-TT-0040 | ONEYTT26000040 | Qingdao, China",2026-04-29T08:19:30-06:00,logistics@primetextile-suzhou.cn,sandbox-shipments@mtm-logistics.test,"New ONE shipment request - ONEYTT26000040 - 5x 40 HC from Qingdao, China",Suzhou Prime Textile Group,logistics@primetextile-suzhou.cn,Sandbox Automotive Imports,"Qingdao, China factory zone","Qingdao, China",QINGDAO,PUERTO SANTO TOMÁS DE CASTILLA,ONEYTT26000040,5,40 HC,ONEU2600401; ONEU2610400; ONEU2620408; ONEU2630406; ONEU2640404,Machinery spare parts,2026-05-06T09:00:00-06:00,2026-05-08T18:00:00-06:00,2026-06-05T18:00:00-06:00,Booking por Confirmar,dry-run,
ONE-EMAIL-SEED-20260429080000,901712832326,41,ONE-TT-0041,,,"EMAIL | ONE-TT-0041 | ONEYTT26000041 | Xiamen, China",2026-04-29T08:20:00-06:00,exports@ningbo-harbor-parts.cn,sandbox-shipments@mtm-logistics.test,"New ONE shipment request - ONEYTT26000041 - 1x 40 DRY from Xiamen, China","Ningbo Harbor Precision Parts Co., Ltd.",exports@ningbo-harbor-parts.cn,Sandbox Retail Distribution,"Xiamen, China factory zone","Xiamen, China",YANTIAN,"Lázaro Cárdenas, México",ONEYTT26000041,1,40 DRY,ONEU2600417,"Auto spare parts, non-hazardous",2026-05-07T09:00:00-06:00,2026-05-09T18:00:00-06:00,2026-06-07T18:00:00-06:00,Booking por Confirmar,dry-run,
ONE-EMAIL-SEED-20260429080000,901712832326,42,ONE-TT-0042,,,"EMAIL | ONE-TT-0042 | ONEYTT26000042 | Ningbo, China",2026-04-29T08:20:30-06:00,shipping@apexhome-shenzhen.cn,sandbox-shipments@mtm-logistics.test,"New ONE shipment request - ONEYTT26000042 - 2x 20GP from Ningbo, China",Shenzhen Apex Home Products Ltd.,shipping@apexhome-shenzhen.cn,Sandbox Industrial Supplies,"Ningbo, China factory zone","Ningbo, China",NINGBO,PUERTO QUETZAL,ONEYTT26000042,2,20GP,ONEU2600422; ONEU2610420,Household goods and retail fixtures,2026-05-01T09:00:00-06:00,2026-05-10T18:00:00-06:00,2026-06-03T18:00:00-06:00,Booking por Confirmar,dry-run,
ONE-EMAIL-SEED-20260429080000,901712832326,43,ONE-TT-0043,,,"EMAIL | ONE-TT-0043 | ONEYTT26000043 | Ningbo, China",2026-04-29T08:21:00-06:00,logistics@sunrise-machinery.cn,sandbox-shipments@mtm-logistics.test,"New ONE shipment request - ONEYTT26000043 - 3x 40 HC from Ningbo, China","Qingdao Sunrise Machinery Co., Ltd.",logistics@sunrise-machinery.cn,Sandbox Customer Guatemala,"Ningbo, China factory zone","Ningbo, China",NINGBO,"MANZANILLO, MEXICO",ONEYTT26000043,3,40 HC,ONEU2600438; ONEU2610436; ONEU2620434,Ceramic tiles and sanitary ware,2026-05-02T09:00:00-06:00,2026-05-11T18:00:00-06:00,2026-06-05T18:00:00-06:00,Booking por Confirmar,dry-run,
ONE-EMAIL-SEED-20260429080000,901712832326,44,ONE-TT-0044,,,"EMAIL | ONE-TT-0044 | ONEYTT26000044 | Shekou, China",2026-04-29T08:21:30-06:00,docs@blueocean-ceramics.cn,sandbox-shipments@mtm-logistics.test,"New ONE shipment request - ONEYTT26000044 - 4x 40 HC from Shekou, China",Xiamen Blue Ocean Ceramics Ltd.,docs@blueocean-ceramics.cn,Sandbox Customer Mexico,"Shekou, China factory zone","Shekou, China",SHEKOU,PUERTO QUETZAL,ONEYTT26000044,4,40 HC,ONEU2600443; ONEU2610441; ONEU2620440; ONEU2630448,LED lighting components,2026-05-03T09:00:00-06:00,2026-05-12T18:00:00-06:00,2026-06-07T18:00:00-06:00,Booking por Confirmar,dry-run,
ONE-EMAIL-SEED-20260429080000,901712832326,45,ONE-TT-0045,,,"EMAIL | ONE-TT-0045 | ONEYTT26000045 | Yantian, China",2026-04-29T08:22:00-06:00,export.ops@yantian-electronics.cn,sandbox-shipments@mtm-logistics.test,"New ONE shipment request - ONEYTT26000045 - 5x 40 DRY from Yantian, China","Yantian Global Electronics Co., Ltd.",export.ops@yantian-electronics.cn,Sandbox Customer El Salvador,"Yantian, China factory zone","Yantian, China",YANTIAN,"VERACRUZ, MEXICO",ONEYTT26000045,5,40 DRY,ONEU2600459; ONEU2610457; ONEU2620455; ONEU2630453; ONEU2640451,Textile rolls and accessories,2026-05-04T09:00:00-06:00,2026-05-04T18:00:00-06:00,2026-05-31T18:00:00-06:00,Booking por Confirmar,dry-run,
ONE-EMAIL-SEED-20260429080000,901712832326,46,ONE-TT-0046,,,"EMAIL | ONE-TT-0046 | ONEYTT26000046 | Qingdao, China",2026-04-29T08:22:30-06:00,salesops@meridian-foshan.cn,sandbox-shipments@mtm-logistics.test,"New ONE shipment request - ONEYTT26000046 - 1x 40 DRY from Qingdao, China",Foshan Meridian Furniture Manufacturing,salesops@meridian-foshan.cn,Sandbox Automotive Imports,"Qingdao, China factory zone","Qingdao, China",QINGDAO,PUERTO SANTO TOMÁS DE CASTILLA,ONEYTT26000046,1,40 DRY,ONEU2600464,Plastic household articles,2026-05-05T09:00:00-06:00,2026-05-05T18:00:00-06:00,2026-06-02T18:00:00-06:00,Booking por Confirmar,dry-run,
ONE-EMAIL-SEED-20260429080000,901712832326,47,ONE-TT-0047,,,"EMAIL | ONE-TT-0047 | ONEYTT26000047 | Xiamen, China",2026-04-29T08:23:00-06:00,shipment@pearl-lighting.cn,sandbox-shipments@mtm-logistics.test,"New ONE shipment request - ONEYTT26000047 - 2x 20GP from Xiamen, China",Guangzhou Pearl Lighting Factory,shipment@pearl-lighting.cn,Sandbox Retail Distribution,"Xiamen, China factory zone","Xiamen, China",YANTIAN,"Lázaro Cárdenas, México",ONEYTT26000047,2,20GP,ONEU2600470; ONEU2610478,"Furniture parts, KD packed",2026-05-06T09:00:00-06:00,2026-05-06T18:00:00-06:00,2026-06-04T18:00:00-06:00,Booking por Confirmar,dry-run,
ONE-EMAIL-SEED-20260429080000,901712832326,48,ONE-TT-0048,,,"EMAIL | ONE-TT-0048 | ONEYTT26000048 | Ningbo, China",2026-04-29T08:23:30-06:00,booking@eastline-tools.cn,sandbox-shipments@mtm-logistics.test,"New ONE shipment request - ONEYTT26000048 - 3x 40 HC from Ningbo, China","Ningbo Eastline Tools Co., Ltd.",booking@eastline-tools.cn,Sandbox Industrial Supplies,"Ningbo, China factory zone","Ningbo, China",NINGBO,PUERTO QUETZAL,ONEYTT26000048,3,40 HC,ONEU2600485; ONEU2610483; ONEU2620481,Machinery spare parts,2026-05-07T09:00:00-06:00,2026-05-07T18:00:00-06:00,2026-05-31T18:00:00-06:00,Booking por Confirmar,dry-run,
ONE-EMAIL-SEED-20260429080000,901712832326,49,ONE-TT-0049,,,"EMAIL | ONE-TT-0049 | ONEYTT26000049 | Ningbo, China",2026-04-29T08:24:00-06:00,export@brighttoys-shantou.cn,sandbox-shipments@mtm-logistics.test,"New ONE shipment request - ONEYTT26000049 - 4x 40 HC from Ningbo, China",Shantou Bright Toys Manufacturing,export@brighttoys-shantou.cn,Sandbox Customer Guatemala,"Ningbo, China factory zone","Ningbo, China",NINGBO,"MANZANILLO, MEXICO",ONEYTT26000049,4,40 HC,ONEU2600490; ONEU2610499; ONEU2620497; ONEU2630495,"Auto spare parts, non-hazardous",2026-05-01T09:00:00-06:00,2026-05-08T18:00:00-06:00,2026-06-02T18:00:00-06:00,Booking por Confirmar,dry-run,
ONE-EMAIL-SEED-20260429080000,901712832326,50,ONE-TT-0050,,,"EMAIL | ONE-TT-0050 | ONEYTT26000050 | Shekou, China",2026-04-29T08:24:30-06:00,logistics@primetextile-suzhou.cn,sandbox-shipments@mtm-logistics.test,"New ONE shipment request - ONEYTT26000050 - 5x 40 DRY from Shekou, China",Suzhou Prime Textile Group,logistics@primetextile-suzhou.cn,Sandbox Customer Mexico,"Shekou, China factory zone","Shekou, China",SHEKOU,PUERTO QUETZAL,ONEYTT26000050,5,40 DRY,ONEU2600504; ONEU2610502; ONEU2620500; ONEU2630509; ONEU2640507,Household goods and retail fixtures,2026-05-02T09:00:00-06:00,2026-05-09T18:00:00-06:00,2026-06-04T18:00:00-06:00,Booking por Confirmar,dry-run,
ONE-EMAIL-SEED-20260429080000,901712832326,51,ONE-TT-0051,,,"EMAIL | ONE-TT-0051 | ONEYTT26000051 | Yantian, China",2026-04-29T08:25:00-06:00,exports@ningbo-harbor-parts.cn,sandbox-shipments@mtm-logistics.test,"New ONE shipment request - ONEYTT26000051 - 1x 40 HC from Yantian, China","Ningbo Harbor Precision Parts Co., Ltd.",exports@ningbo-harbor-parts.cn,Sandbox Customer El Salvador,"Yantian, China factory zone","Yantian, China",YANTIAN,"VERACRUZ, MEXICO",ONEYTT26000051,1,40 HC,ONEU2600510,Ceramic tiles and sanitary ware,2026-05-03T09:00:00-06:00,2026-05-10T18:00:00-06:00,2026-06-06T18:00:00-06:00,Booking por Confirmar,dry-run,
ONE-EMAIL-SEED-20260429080000,901712832326,52,ONE-TT-0052,,,"EMAIL | ONE-TT-0052 | ONEYTT26000052 | Qingdao, China",2026-04-29T08:25:30-06:00,shipping@apexhome-shenzhen.cn,sandbox-shipments@mtm-logistics.test,"New ONE shipment request - ONEYTT26000052 - 2x 20GP from Qingdao, China",Shenzhen Apex Home Products Ltd.,shipping@apexhome-shenzhen.cn,Sandbox Automotive Imports,"Qingdao, China factory zone","Qingdao, China",QINGDAO,PUERTO SANTO TOMÁS DE CASTILLA,ONEYTT26000052,2,20GP,ONEU2600525; ONEU2610523,LED lighting components,2026-05-04T09:00:00-06:00,2026-05-11T18:00:00-06:00,2026-06-08T18:00:00-06:00,Booking por Confirmar,dry-run,
ONE-EMAIL-SEED-20260429080000,901712832326,53,ONE-TT-0053,,,"EMAIL | ONE-TT-0053 | ONEYTT26000053 | Xiamen, China",2026-04-29T08:26:00-06:00,logistics@sunrise-machinery.cn,sandbox-shipments@mtm-logistics.test,"New ONE shipment request - ONEYTT26000053 - 3x 40 HC from Xiamen, China","Qingdao Sunrise Machinery Co., Ltd.",logistics@sunrise-machinery.cn,Sandbox Retail Distribution,"Xiamen, China factory zone","Xiamen, China",YANTIAN,"Lázaro Cárdenas, México",ONEYTT26000053,3,40 HC,ONEU2600530; ONEU2610539; ONEU2620537,Textile rolls and accessories,2026-05-05T09:00:00-06:00,2026-05-12T18:00:00-06:00,2026-06-10T18:00:00-06:00,Booking por Confirmar,dry-run,
ONE-EMAIL-SEED-20260429080000,901712832326,54,ONE-TT-0054,,,"EMAIL | ONE-TT-0054 | ONEYTT26000054 | Ningbo, China",2026-04-29T08:26:30-06:00,docs@blueocean-ceramics.cn,sandbox-shipments@mtm-logistics.test,"New ONE shipment request - ONEYTT26000054 - 4x 40 DRY from Ningbo, China",Xiamen Blue Ocean Ceramics Ltd.,docs@blueocean-ceramics.cn,Sandbox Industrial Supplies,"Ningbo, China factory zone","Ningbo, China",NINGBO,PUERTO QUETZAL,ONEYTT26000054,4,40 DRY,ONEU2600546; ONEU2610544; ONEU2620542; ONEU2630540,Plastic household articles,2026-05-06T09:00:00-06:00,2026-05-04T18:00:00-06:00,2026-05-28T18:00:00-06:00,Booking por Confirmar,dry-run,
ONE-EMAIL-SEED-20260429080000,901712832326,55,ONE-TT-0055,,,"EMAIL | ONE-TT-0055 | ONEYTT26000055 | Ningbo, China",2026-04-29T08:27:00-06:00,export.ops@yantian-electronics.cn,sandbox-shipments@mtm-logistics.test,"New ONE shipment request - ONEYTT26000055 - 5x 40 HC from Ningbo, China","Yantian Global Electronics Co., Ltd.",export.ops@yantian-electronics.cn,Sandbox Customer Guatemala,"Ningbo, China factory zone","Ningbo, China",NINGBO,"MANZANILLO, MEXICO",ONEYTT26000055,5,40 HC,ONEU2600551; ONEU2610550; ONEU2620558; ONEU2630556; ONEU2640554,"Furniture parts, KD packed",2026-05-07T09:00:00-06:00,2026-05-05T18:00:00-06:00,2026-05-30T18:00:00-06:00,Booking por Confirmar,dry-run,
ONE-EMAIL-SEED-20260429080000,901712832326,56,ONE-TT-0056,,,"EMAIL | ONE-TT-0056 | ONEYTT26000056 | Shekou, China",2026-04-29T08:27:30-06:00,salesops@meridian-foshan.cn,sandbox-shipments@mtm-logistics.test,"New ONE shipment request - ONEYTT26000056 - 1x 40 DRY from Shekou, China",Foshan Meridian Furniture Manufacturing,salesops@meridian-foshan.cn,Sandbox Customer Mexico,"Shekou, China factory zone","Shekou, China",SHEKOU,PUERTO QUETZAL,ONEYTT26000056,1,40 DRY,ONEU2600567,Machinery spare parts,2026-05-01T09:00:00-06:00,2026-05-06T18:00:00-06:00,2026-06-01T18:00:00-06:00,Booking por Confirmar,dry-run,
ONE-EMAIL-SEED-20260429080000,901712832326,57,ONE-TT-0057,,,"EMAIL | ONE-TT-0057 | ONEYTT26000057 | Yantian, China",2026-04-29T08:28:00-06:00,shipment@pearl-lighting.cn,sandbox-shipments@mtm-logistics.test,"New ONE shipment request - ONEYTT26000057 - 2x 40 HC from Yantian, China",Guangzhou Pearl Lighting Factory,shipment@pearl-lighting.cn,Sandbox Customer El Salvador,"Yantian, China factory zone","Yantian, China",YANTIAN,"VERACRUZ, MEXICO",ONEYTT26000057,2,40 HC,ONEU2600572; ONEU2610570,"Auto spare parts, non-hazardous",2026-05-02T09:00:00-06:00,2026-05-07T18:00:00-06:00,2026-06-03T18:00:00-06:00,Booking por Confirmar,dry-run,
ONE-EMAIL-SEED-20260429080000,901712832326,58,ONE-TT-0058,,,"EMAIL | ONE-TT-0058 | ONEYTT26000058 | Qingdao, China",2026-04-29T08:28:30-06:00,booking@eastline-tools.cn,sandbox-shipments@mtm-logistics.test,"New ONE shipment request - ONEYTT26000058 - 3x 40 DRY from Qingdao, China","Ningbo Eastline Tools Co., Ltd.",booking@eastline-tools.cn,Sandbox Automotive Imports,"Qingdao, China factory zone","Qingdao, China",QINGDAO,PUERTO SANTO TOMÁS DE CASTILLA,ONEYTT26000058,3,40 DRY,ONEU2600588; ONEU2610586; ONEU2620584,Household goods and retail fixtures,2026-05-03T09:00:00-06:00,2026-05-08T18:00:00-06:00,2026-06-05T18:00:00-06:00,Booking por Confirmar,dry-run,
ONE-EMAIL-SEED-20260429080000,901712832326,59,ONE-TT-0059,,,"EMAIL | ONE-TT-0059 | ONEYTT26000059 | Xiamen, China",2026-04-29T08:29:00-06:00,export@brighttoys-shantou.cn,sandbox-shipments@mtm-logistics.test,"New ONE shipment request - ONEYTT26000059 - 4x 40 HC from Xiamen, China",Shantou Bright Toys Manufacturing,export@brighttoys-shantou.cn,Sandbox Retail Distribution,"Xiamen, China factory zone","Xiamen, China",YANTIAN,"Lázaro Cárdenas, México",ONEYTT26000059,4,40 HC,ONEU2600593; ONEU2610591; ONEU2620590; ONEU2630598,Ceramic tiles and sanitary ware,2026-05-04T09:00:00-06:00,2026-05-09T18:00:00-06:00,2026-06-07T18:00:00-06:00,Booking por Confirmar,dry-run,
ONE-EMAIL-SEED-20260429080000,901712832326,60,ONE-TT-0060,,,"EMAIL | ONE-TT-0060 | ONEYTT26000060 | Ningbo, China",2026-04-29T08:29:30-06:00,logistics@primetextile-suzhou.cn,sandbox-shipments@mtm-logistics.test,"New ONE shipment request - ONEYTT26000060 - 5x 20GP from Ningbo, China",Suzhou Prime Textile Group,logistics@primetextile-suzhou.cn,Sandbox Industrial Supplies,"Ningbo, China factory zone","Ningbo, China",NINGBO,PUERTO QUETZAL,ONEYTT26000060,5,20GP,ONEU2600607; ONEU2610605; ONEU2620603; ONEU2630601; ONEU2640600,LED lighting components,2026-05-05T09:00:00-06:00,2026-05-10T18:00:00-06:00,2026-06-03T18:00:00-06:00,Booking por Confirmar,dry-run,
ONE-EMAIL-SEED-20260429080000,901712832326,61,ONE-TT-0061,,,"EMAIL | ONE-TT-0061 | ONEYTT26000061 | Ningbo, China",2026-04-29T08:30:00-06:00,exports@ningbo-harbor-parts.cn,sandbox-shipments@mtm-logistics.test,"New ONE shipment request - ONEYTT26000061 - 1x 20GP from Ningbo, China","Ningbo Harbor Precision Parts Co., Ltd.",exports@ningbo-harbor-parts.cn,Sandbox Customer Guatemala,"Ningbo, China factory zone","Ningbo, China",NINGBO,"MANZANILLO, MEXICO",ONEYTT26000061,1,20GP,ONEU2600612,Textile rolls and accessories,2026-05-06T09:00:00-06:00,2026-05-11T18:00:00-06:00,2026-06-05T18:00:00-06:00,Booking por Confirmar,dry-run,
ONE-EMAIL-SEED-20260429080000,901712832326,62,ONE-TT-0062,,,"EMAIL | ONE-TT-0062 | ONEYTT26000062 | Shekou, China",2026-04-29T08:30:30-06:00,shipping@apexhome-shenzhen.cn,sandbox-shipments@mtm-logistics.test,"New ONE shipment request - ONEYTT26000062 - 2x 40 HC from Shekou, China",Shenzhen Apex Home Products Ltd.,shipping@apexhome-shenzhen.cn,Sandbox Customer Mexico,"Shekou, China factory zone","Shekou, China",SHEKOU,PUERTO QUETZAL,ONEYTT26000062,2,40 HC,ONEU2600628; ONEU2610626,Plastic household articles,2026-05-07T09:00:00-06:00,2026-05-12T18:00:00-06:00,2026-06-07T18:00:00-06:00,Booking por Confirmar,dry-run,
ONE-EMAIL-SEED-20260429080000,901712832326,63,ONE-TT-0063,,,"EMAIL | ONE-TT-0063 | ONEYTT26000063 | Yantian, China",2026-04-29T08:31:00-06:00,logistics@sunrise-machinery.cn,sandbox-shipments@mtm-logistics.test,"New ONE shipment request - ONEYTT26000063 - 3x 20GP from Yantian, China","Qingdao Sunrise Machinery Co., Ltd.",logistics@sunrise-machinery.cn,Sandbox Customer El Salvador,"Yantian, China factory zone","Yantian, China",YANTIAN,"VERACRUZ, MEXICO",ONEYTT26000063,3,20GP,ONEU2600633; ONEU2610631; ONEU2620630,"Furniture parts, KD packed",2026-05-01T09:00:00-06:00,2026-05-04T18:00:00-06:00,2026-05-31T18:00:00-06:00,Booking por Confirmar,dry-run,
ONE-EMAIL-SEED-20260429080000,901712832326,64,ONE-TT-0064,,,"EMAIL | ONE-TT-0064 | ONEYTT26000064 | Qingdao, China",2026-04-29T08:31:30-06:00,docs@blueocean-ceramics.cn,sandbox-shipments@mtm-logistics.test,"New ONE shipment request - ONEYTT26000064 - 4x 40 HC from Qingdao, China",Xiamen Blue Ocean Ceramics Ltd.,docs@blueocean-ceramics.cn,Sandbox Automotive Imports,"Qingdao, China factory zone","Qingdao, China",QINGDAO,PUERTO SANTO TOMÁS DE CASTILLA,ONEYTT26000064,4,40 HC,ONEU2600649; ONEU2610647; ONEU2620645; ONEU2630643,Machinery spare parts,2026-05-02T09:00:00-06:00,2026-05-05T18:00:00-06:00,2026-06-02T18:00:00-06:00,Booking por Confirmar,dry-run,
ONE-EMAIL-SEED-20260429080000,901712832326,65,ONE-TT-0065,,,"EMAIL | ONE-TT-0065 | ONEYTT26000065 | Xiamen, China",2026-04-29T08:32:00-06:00,export.ops@yantian-electronics.cn,sandbox-shipments@mtm-logistics.test,"New ONE shipment request - ONEYTT26000065 - 5x 40 DRY from Xiamen, China","Yantian Global Electronics Co., Ltd.",export.ops@yantian-electronics.cn,Sandbox Retail Distribution,"Xiamen, China factory zone","Xiamen, China",YANTIAN,"Lázaro Cárdenas, México",ONEYTT26000065,5,40 DRY,ONEU2600654; ONEU2610652; ONEU2620650; ONEU2630659; ONEU2640657,"Auto spare parts, non-hazardous",2026-05-03T09:00:00-06:00,2026-05-06T18:00:00-06:00,2026-06-04T18:00:00-06:00,Booking por Confirmar,dry-run,
ONE-EMAIL-SEED-20260429080000,901712832326,66,ONE-TT-0066,,,"EMAIL | ONE-TT-0066 | ONEYTT26000066 | Ningbo, China",2026-04-29T08:32:30-06:00,salesops@meridian-foshan.cn,sandbox-shipments@mtm-logistics.test,"New ONE shipment request - ONEYTT26000066 - 1x 40 HC from Ningbo, China",Foshan Meridian Furniture Manufacturing,salesops@meridian-foshan.cn,Sandbox Industrial Supplies,"Ningbo, China factory zone","Ningbo, China",NINGBO,PUERTO QUETZAL,ONEYTT26000066,1,40 HC,ONEU2600660,Household goods and retail fixtures,2026-05-04T09:00:00-06:00,2026-05-07T18:00:00-06:00,2026-05-31T18:00:00-06:00,Booking por Confirmar,dry-run,
ONE-EMAIL-SEED-20260429080000,901712832326,67,ONE-TT-0067,,,"EMAIL | ONE-TT-0067 | ONEYTT26000067 | Ningbo, China",2026-04-29T08:33:00-06:00,shipment@pearl-lighting.cn,sandbox-shipments@mtm-logistics.test,"New ONE shipment request - ONEYTT26000067 - 2x 40 DRY from Ningbo, China",Guangzhou Pearl Lighting Factory,shipment@pearl-lighting.cn,Sandbox Customer Guatemala,"Ningbo, China factory zone","Ningbo, China",NINGBO,"MANZANILLO, MEXICO",ONEYTT26000067,2,40 DRY,ONEU2600675; ONEU2610673,Ceramic tiles and sanitary ware,2026-05-05T09:00:00-06:00,2026-05-08T18:00:00-06:00,2026-06-02T18:00:00-06:00,Booking por Confirmar,dry-run,
ONE-EMAIL-SEED-20260429080000,901712832326,68,ONE-TT-0068,,,"EMAIL | ONE-TT-0068 | ONEYTT26000068 | Shekou, China",2026-04-29T08:33:30-06:00,booking@eastline-tools.cn,sandbox-shipments@mtm-logistics.test,"New ONE shipment request - ONEYTT26000068 - 3x 40 HC from Shekou, China","Ningbo Eastline Tools Co., Ltd.",booking@eastline-tools.cn,Sandbox Customer Mexico,"Shekou, China factory zone","Shekou, China",SHEKOU,PUERTO QUETZAL,ONEYTT26000068,3,40 HC,ONEU2600680; ONEU2610689; ONEU2620687,LED lighting components,2026-05-06T09:00:00-06:00,2026-05-09T18:00:00-06:00,2026-06-04T18:00:00-06:00,Booking por Confirmar,dry-run,
ONE-EMAIL-SEED-20260429080000,901712832326,69,ONE-TT-0069,,,"EMAIL | ONE-TT-0069 | ONEYTT26000069 | Yantian, China",2026-04-29T08:34:00-06:00,export@brighttoys-shantou.cn,sandbox-shipments@mtm-logistics.test,"New ONE shipment request - ONEYTT26000069 - 4x 20GP from Yantian, China",Shantou Bright Toys Manufacturing,export@brighttoys-shantou.cn,Sandbox Customer El Salvador,"Yantian, China factory zone","Yantian, China",YANTIAN,"VERACRUZ, MEXICO",ONEYTT26000069,4,20GP,ONEU2600696; ONEU2610694; ONEU2620692; ONEU2630690,Textile rolls and accessories,2026-05-07T09:00:00-06:00,2026-05-10T18:00:00-06:00,2026-06-06T18:00:00-06:00,Booking por Confirmar,dry-run,
ONE-EMAIL-SEED-20260429080000,901712832326,70,ONE-TT-0070,,,"EMAIL | ONE-TT-0070 | ONEYTT26000070 | Qingdao, China",2026-04-29T08:34:30-06:00,logistics@primetextile-suzhou.cn,sandbox-shipments@mtm-logistics.test,"New ONE shipment request - ONEYTT26000070 - 5x 40 HC from Qingdao, China",Suzhou Prime Textile Group,logistics@primetextile-suzhou.cn,Sandbox Automotive Imports,"Qingdao, China factory zone","Qingdao, China",QINGDAO,PUERTO SANTO TOMÁS DE CASTILLA,ONEYTT26000070,5,40 HC,ONEU2600700; ONEU2610708; ONEU2620706; ONEU2630704; ONEU2640702,Plastic household articles,2026-05-01T09:00:00-06:00,2026-05-11T18:00:00-06:00,2026-06-08T18:00:00-06:00,Booking por Confirmar,dry-run,
ONE-EMAIL-SEED-20260429080000,901712832326,71,ONE-TT-0071,,,"EMAIL | ONE-TT-0071 | ONEYTT26000071 | Xiamen, China",2026-04-29T08:35:00-06:00,exports@ningbo-harbor-parts.cn,sandbox-shipments@mtm-logistics.test,"New ONE shipment request - ONEYTT26000071 - 1x 20GP from Xiamen, China","Ningbo Harbor Precision Parts Co., Ltd.",exports@ningbo-harbor-parts.cn,Sandbox Retail Distribution,"Xiamen, China factory zone","Xiamen, China",YANTIAN,"Lázaro Cárdenas, México",ONEYTT26000071,1,20GP,ONEU2600715,"Furniture parts, KD packed",2026-05-02T09:00:00-06:00,2026-05-12T18:00:00-06:00,2026-06-10T18:00:00-06:00,Booking por Confirmar,dry-run,
ONE-EMAIL-SEED-20260429080000,901712832326,72,ONE-TT-0072,,,"EMAIL | ONE-TT-0072 | ONEYTT26000072 | Ningbo, China",2026-04-29T08:35:30-06:00,shipping@apexhome-shenzhen.cn,sandbox-shipments@mtm-logistics.test,"New ONE shipment request - ONEYTT26000072 - 2x 20GP from Ningbo, China",Shenzhen Apex Home Products Ltd.,shipping@apexhome-shenzhen.cn,Sandbox Industrial Supplies,"Ningbo, China factory zone","Ningbo, China",NINGBO,PUERTO QUETZAL,ONEYTT26000072,2,20GP,ONEU2600720; ONEU2610729,Machinery spare parts,2026-05-03T09:00:00-06:00,2026-05-04T18:00:00-06:00,2026-05-28T18:00:00-06:00,Booking por Confirmar,dry-run,
ONE-EMAIL-SEED-20260429080000,901712832326,73,ONE-TT-0073,,,"EMAIL | ONE-TT-0073 | ONEYTT26000073 | Ningbo, China",2026-04-29T08:36:00-06:00,logistics@sunrise-machinery.cn,sandbox-shipments@mtm-logistics.test,"New ONE shipment request - ONEYTT26000073 - 3x 40 DRY from Ningbo, China","Qingdao Sunrise Machinery Co., Ltd.",logistics@sunrise-machinery.cn,Sandbox Customer Guatemala,"Ningbo, China factory zone","Ningbo, China",NINGBO,"MANZANILLO, MEXICO",ONEYTT26000073,3,40 DRY,ONEU2600736; ONEU2610734; ONEU2620732,"Auto spare parts, non-hazardous",2026-05-04T09:00:00-06:00,2026-05-05T18:00:00-06:00,2026-05-30T18:00:00-06:00,Booking por Confirmar,dry-run,
ONE-EMAIL-SEED-20260429080000,901712832326,74,ONE-TT-0074,,,"EMAIL | ONE-TT-0074 | ONEYTT26000074 | Shekou, China",2026-04-29T08:36:30-06:00,docs@blueocean-ceramics.cn,sandbox-shipments@mtm-logistics.test,"New ONE shipment request - ONEYTT26000074 - 4x 40 DRY from Shekou, China",Xiamen Blue Ocean Ceramics Ltd.,docs@blueocean-ceramics.cn,Sandbox Customer Mexico,"Shekou, China factory zone","Shekou, China",SHEKOU,PUERTO QUETZAL,ONEYTT26000074,4,40 DRY,ONEU2600741; ONEU2610740; ONEU2620748; ONEU2630746,Household goods and retail fixtures,2026-05-05T09:00:00-06:00,2026-05-06T18:00:00-06:00,2026-06-01T18:00:00-06:00,Booking por Confirmar,dry-run,
ONE-EMAIL-SEED-20260429080000,901712832326,75,ONE-TT-0075,,,"EMAIL | ONE-TT-0075 | ONEYTT26000075 | Yantian, China",2026-04-29T08:37:00-06:00,export.ops@yantian-electronics.cn,sandbox-shipments@mtm-logistics.test,"New ONE shipment request - ONEYTT26000075 - 5x 40 DRY from Yantian, China","Yantian Global Electronics Co., Ltd.",export.ops@yantian-electronics.cn,Sandbox Customer El Salvador,"Yantian, China factory zone","Yantian, China",YANTIAN,"VERACRUZ, MEXICO",ONEYTT26000075,5,40 DRY,ONEU2600757; ONEU2610755; ONEU2620753; ONEU2630751; ONEU2640750,Ceramic tiles and sanitary ware,2026-05-06T09:00:00-06:00,2026-05-07T18:00:00-06:00,2026-06-03T18:00:00-06:00,Booking por Confirmar,dry-run,
ONE-EMAIL-SEED-20260429080000,901712832326,76,ONE-TT-0076,,,"EMAIL | ONE-TT-0076 | ONEYTT26000076 | Qingdao, China",2026-04-29T08:37:30-06:00,salesops@meridian-foshan.cn,sandbox-shipments@mtm-logistics.test,"New ONE shipment request - ONEYTT26000076 - 1x 40 DRY from Qingdao, China",Foshan Meridian Furniture Manufacturing,salesops@meridian-foshan.cn,Sandbox Automotive Imports,"Qingdao, China factory zone","Qingdao, China",QINGDAO,PUERTO SANTO TOMÁS DE CASTILLA,ONEYTT26000076,1,40 DRY,ONEU2600762,LED lighting components,2026-05-07T09:00:00-06:00,2026-05-08T18:00:00-06:00,2026-06-05T18:00:00-06:00,Booking por Confirmar,dry-run,
ONE-EMAIL-SEED-20260429080000,901712832326,77,ONE-TT-0077,,,"EMAIL | ONE-TT-0077 | ONEYTT26000077 | Xiamen, China",2026-04-29T08:38:00-06:00,shipment@pearl-lighting.cn,sandbox-shipments@mtm-logistics.test,"New ONE shipment request - ONEYTT26000077 - 2x 40 DRY from Xiamen, China",Guangzhou Pearl Lighting Factory,shipment@pearl-lighting.cn,Sandbox Retail Distribution,"Xiamen, China factory zone","Xiamen, China",YANTIAN,"Lázaro Cárdenas, México",ONEYTT26000077,2,40 DRY,ONEU2600778; ONEU2610776,Textile rolls and accessories,2026-05-01T09:00:00-06:00,2026-05-09T18:00:00-06:00,2026-06-07T18:00:00-06:00,Booking por Confirmar,dry-run,
ONE-EMAIL-SEED-20260429080000,901712832326,78,ONE-TT-0078,,,"EMAIL | ONE-TT-0078 | ONEYTT26000078 | Ningbo, China",2026-04-29T08:38:30-06:00,booking@eastline-tools.cn,sandbox-shipments@mtm-logistics.test,"New ONE shipment request - ONEYTT26000078 - 3x 40 HC from Ningbo, China","Ningbo Eastline Tools Co., Ltd.",booking@eastline-tools.cn,Sandbox Industrial Supplies,"Ningbo, China factory zone","Ningbo, China",NINGBO,PUERTO QUETZAL,ONEYTT26000078,3,40 HC,ONEU2600783; ONEU2610781; ONEU2620780,Plastic household articles,2026-05-02T09:00:00-06:00,2026-05-10T18:00:00-06:00,2026-06-03T18:00:00-06:00,Booking por Confirmar,dry-run,
ONE-EMAIL-SEED-20260429080000,901712832326,79,ONE-TT-0079,,,"EMAIL | ONE-TT-0079 | ONEYTT26000079 | Ningbo, China",2026-04-29T08:39:00-06:00,export@brighttoys-shantou.cn,sandbox-shipments@mtm-logistics.test,"New ONE shipment request - ONEYTT26000079 - 4x 40 HC from Ningbo, China",Shantou Bright Toys Manufacturing,export@brighttoys-shantou.cn,Sandbox Customer Guatemala,"Ningbo, China factory zone","Ningbo, China",NINGBO,"MANZANILLO, MEXICO",ONEYTT26000079,4,40 HC,ONEU2600799; ONEU2610797; ONEU2620795; ONEU2630793,"Furniture parts, KD packed",2026-05-03T09:00:00-06:00,2026-05-11T18:00:00-06:00,2026-06-05T18:00:00-06:00,Booking por Confirmar,dry-run,
ONE-EMAIL-SEED-20260429080000,901712832326,80,ONE-TT-0080,,,"EMAIL | ONE-TT-0080 | ONEYTT26000080 | Shekou, China",2026-04-29T08:39:30-06:00,logistics@primetextile-suzhou.cn,sandbox-shipments@mtm-logistics.test,"New ONE shipment request - ONEYTT26000080 - 5x 20GP from Shekou, China",Suzhou Prime Textile Group,logistics@primetextile-suzhou.cn,Sandbox Customer Mexico,"Shekou, China factory zone","Shekou, China",SHEKOU,PUERTO QUETZAL,ONEYTT26000080,5,20GP,ONEU2600802; ONEU2610800; ONEU2620809; ONEU2630807; ONEU2640805,Machinery spare parts,2026-05-04T09:00:00-06:00,2026-05-12T18:00:00-06:00,2026-06-07T18:00:00-06:00,Booking por Confirmar,dry-run,
ONE-EMAIL-SEED-20260429080000,901712832326,81,ONE-TT-0081,,,"EMAIL | ONE-TT-0081 | ONEYTT26000081 | Yantian, China",2026-04-29T08:40:00-06:00,exports@ningbo-harbor-parts.cn,sandbox-shipments@mtm-logistics.test,"New ONE shipment request - ONEYTT26000081 - 1x 20GP from Yantian, China","Ningbo Harbor Precision Parts Co., Ltd.",exports@ningbo-harbor-parts.cn,Sandbox Customer El Salvador,"Yantian, China factory zone","Yantian, China",YANTIAN,"VERACRUZ, MEXICO",ONEYTT26000081,1,20GP,ONEU2600818,"Auto spare parts, non-hazardous",2026-05-05T09:00:00-06:00,2026-05-04T18:00:00-06:00,2026-05-31T18:00:00-06:00,Booking por Confirmar,dry-run,
ONE-EMAIL-SEED-20260429080000,901712832326,82,ONE-TT-0082,,,"EMAIL | ONE-TT-0082 | ONEYTT26000082 | Qingdao, China",2026-04-29T08:40:30-06:00,shipping@apexhome-shenzhen.cn,sandbox-shipments@mtm-logistics.test,"New ONE shipment request - ONEYTT26000082 - 2x 40 DRY from Qingdao, China",Shenzhen Apex Home Products Ltd.,shipping@apexhome-shenzhen.cn,Sandbox Automotive Imports,"Qingdao, China factory zone","Qingdao, China",QINGDAO,PUERTO SANTO TOMÁS DE CASTILLA,ONEYTT26000082,2,40 DRY,ONEU2600823; ONEU2610821,Household goods and retail fixtures,2026-05-06T09:00:00-06:00,2026-05-05T18:00:00-06:00,2026-06-02T18:00:00-06:00,Booking por Confirmar,dry-run,
ONE-EMAIL-SEED-20260429080000,901712832326,83,ONE-TT-0083,,,"EMAIL | ONE-TT-0083 | ONEYTT26000083 | Xiamen, China",2026-04-29T08:41:00-06:00,logistics@sunrise-machinery.cn,sandbox-shipments@mtm-logistics.test,"New ONE shipment request - ONEYTT26000083 - 3x 40 DRY from Xiamen, China","Qingdao Sunrise Machinery Co., Ltd.",logistics@sunrise-machinery.cn,Sandbox Retail Distribution,"Xiamen, China factory zone","Xiamen, China",YANTIAN,"Lázaro Cárdenas, México",ONEYTT26000083,3,40 DRY,ONEU2600839; ONEU2610837; ONEU2620835,Ceramic tiles and sanitary ware,2026-05-07T09:00:00-06:00,2026-05-06T18:00:00-06:00,2026-06-04T18:00:00-06:00,Booking por Confirmar,dry-run,
ONE-EMAIL-SEED-20260429080000,901712832326,84,ONE-TT-0084,,,"EMAIL | ONE-TT-0084 | ONEYTT26000084 | Ningbo, China",2026-04-29T08:41:30-06:00,docs@blueocean-ceramics.cn,sandbox-shipments@mtm-logistics.test,"New ONE shipment request - ONEYTT26000084 - 4x 40 HC from Ningbo, China",Xiamen Blue Ocean Ceramics Ltd.,docs@blueocean-ceramics.cn,Sandbox Industrial Supplies,"Ningbo, China factory zone","Ningbo, China",NINGBO,PUERTO QUETZAL,ONEYTT26000084,4,40 HC,ONEU2600844; ONEU2610842; ONEU2620840; ONEU2630849,LED lighting components,2026-05-01T09:00:00-06:00,2026-05-07T18:00:00-06:00,2026-05-31T18:00:00-06:00,Booking por Confirmar,dry-run,
ONE-EMAIL-SEED-20260429080000,901712832326,85,ONE-TT-0085,,,"EMAIL | ONE-TT-0085 | ONEYTT26000085 | Ningbo, China",2026-04-29T08:42:00-06:00,export.ops@yantian-electronics.cn,sandbox-shipments@mtm-logistics.test,"New ONE shipment request - ONEYTT26000085 - 5x 40 HC from Ningbo, China","Yantian Global Electronics Co., Ltd.",export.ops@yantian-electronics.cn,Sandbox Customer Guatemala,"Ningbo, China factory zone","Ningbo, China",NINGBO,"MANZANILLO, MEXICO",ONEYTT26000085,5,40 HC,ONEU2600850; ONEU2610858; ONEU2620856; ONEU2630854; ONEU2640852,Textile rolls and accessories,2026-05-02T09:00:00-06:00,2026-05-08T18:00:00-06:00,2026-06-02T18:00:00-06:00,Booking por Confirmar,dry-run,
ONE-EMAIL-SEED-20260429080000,901712832326,86,ONE-TT-0086,,,"EMAIL | ONE-TT-0086 | ONEYTT26000086 | Shekou, China",2026-04-29T08:42:30-06:00,salesops@meridian-foshan.cn,sandbox-shipments@mtm-logistics.test,"New ONE shipment request - ONEYTT26000086 - 1x 20GP from Shekou, China",Foshan Meridian Furniture Manufacturing,salesops@meridian-foshan.cn,Sandbox Customer Mexico,"Shekou, China factory zone","Shekou, China",SHEKOU,PUERTO QUETZAL,ONEYTT26000086,1,20GP,ONEU2600865,Plastic household articles,2026-05-03T09:00:00-06:00,2026-05-09T18:00:00-06:00,2026-06-04T18:00:00-06:00,Booking por Confirmar,dry-run,
ONE-EMAIL-SEED-20260429080000,901712832326,87,ONE-TT-0087,,,"EMAIL | ONE-TT-0087 | ONEYTT26000087 | Yantian, China",2026-04-29T08:43:00-06:00,shipment@pearl-lighting.cn,sandbox-shipments@mtm-logistics.test,"New ONE shipment request - ONEYTT26000087 - 2x 20GP from Yantian, China",Guangzhou Pearl Lighting Factory,shipment@pearl-lighting.cn,Sandbox Customer El Salvador,"Yantian, China factory zone","Yantian, China",YANTIAN,"VERACRUZ, MEXICO",ONEYTT26000087,2,20GP,ONEU2600870; ONEU2610879,"Furniture parts, KD packed",2026-05-04T09:00:00-06:00,2026-05-10T18:00:00-06:00,2026-06-06T18:00:00-06:00,Booking por Confirmar,dry-run,
ONE-EMAIL-SEED-20260429080000,901712832326,88,ONE-TT-0088,,,"EMAIL | ONE-TT-0088 | ONEYTT26000088 | Qingdao, China",2026-04-29T08:43:30-06:00,booking@eastline-tools.cn,sandbox-shipments@mtm-logistics.test,"New ONE shipment request - ONEYTT26000088 - 3x 40 DRY from Qingdao, China","Ningbo Eastline Tools Co., Ltd.",booking@eastline-tools.cn,Sandbox Automotive Imports,"Qingdao, China factory zone","Qingdao, China",QINGDAO,PUERTO SANTO TOMÁS DE CASTILLA,ONEYTT26000088,3,40 DRY,ONEU2600886; ONEU2610884; ONEU2620882,Machinery spare parts,2026-05-05T09:00:00-06:00,2026-05-11T18:00:00-06:00,2026-06-08T18:00:00-06:00,Booking por Confirmar,dry-run,
ONE-EMAIL-SEED-20260429080000,901712832326,89,ONE-TT-0089,,,"EMAIL | ONE-TT-0089 | ONEYTT26000089 | Xiamen, China",2026-04-29T08:44:00-06:00,export@brighttoys-shantou.cn,sandbox-shipments@mtm-logistics.test,"New ONE shipment request - ONEYTT26000089 - 4x 40 DRY from Xiamen, China",Shantou Bright Toys Manufacturing,export@brighttoys-shantou.cn,Sandbox Retail Distribution,"Xiamen, China factory zone","Xiamen, China",YANTIAN,"Lázaro Cárdenas, México",ONEYTT26000089,4,40 DRY,ONEU2600891; ONEU2610890; ONEU2620898; ONEU2630896,"Auto spare parts, non-hazardous",2026-05-06T09:00:00-06:00,2026-05-12T18:00:00-06:00,2026-06-10T18:00:00-06:00,Booking por Confirmar,dry-run,
ONE-EMAIL-SEED-20260429080000,901712832326,90,ONE-TT-0090,,,"EMAIL | ONE-TT-0090 | ONEYTT26000090 | Ningbo, China",2026-04-29T08:44:30-06:00,logistics@primetextile-suzhou.cn,sandbox-shipments@mtm-logistics.test,"New ONE shipment request - ONEYTT26000090 - 5x 20GP from Ningbo, China",Suzhou Prime Textile Group,logistics@primetextile-suzhou.cn,Sandbox Industrial Supplies,"Ningbo, China factory zone","Ningbo, China",NINGBO,PUERTO QUETZAL,ONEYTT26000090,5,20GP,ONEU2600905; ONEU2610903; ONEU2620901; ONEU2630900; ONEU2640908,Household goods and retail fixtures,2026-05-07T09:00:00-06:00,2026-05-04T18:00:00-06:00,2026-05-28T18:00:00-06:00,Booking por Confirmar,dry-run,
ONE-EMAIL-SEED-20260429080000,901712832326,91,ONE-TT-0091,,,"EMAIL | ONE-TT-0091 | ONEYTT26000091 | Ningbo, China",2026-04-29T08:45:00-06:00,exports@ningbo-harbor-parts.cn,sandbox-shipments@mtm-logistics.test,"New ONE shipment request - ONEYTT26000091 - 1x 20GP from Ningbo, China","Ningbo Harbor Precision Parts Co., Ltd.",exports@ningbo-harbor-parts.cn,Sandbox Customer Guatemala,"Ningbo, China factory zone","Ningbo, China",NINGBO,"MANZANILLO, MEXICO",ONEYTT26000091,1,20GP,ONEU2600910,Ceramic tiles and sanitary ware,2026-05-01T09:00:00-06:00,2026-05-05T18:00:00-06:00,2026-05-30T18:00:00-06:00,Booking por Confirmar,dry-run,
ONE-EMAIL-SEED-20260429080000,901712832326,92,ONE-TT-0092,,,"EMAIL | ONE-TT-0092 | ONEYTT26000092 | Shekou, China",2026-04-29T08:45:30-06:00,shipping@apexhome-shenzhen.cn,sandbox-shipments@mtm-logistics.test,"New ONE shipment request - ONEYTT26000092 - 2x 40 DRY from Shekou, China",Shenzhen Apex Home Products Ltd.,shipping@apexhome-shenzhen.cn,Sandbox Customer Mexico,"Shekou, China factory zone","Shekou, China",SHEKOU,PUERTO QUETZAL,ONEYTT26000092,2,40 DRY,ONEU2600926; ONEU2610924,LED lighting components,2026-05-02T09:00:00-06:00,2026-05-06T18:00:00-06:00,2026-06-01T18:00:00-06:00,Booking por Confirmar,dry-run,
ONE-EMAIL-SEED-20260429080000,901712832326,93,ONE-TT-0093,,,"EMAIL | ONE-TT-0093 | ONEYTT26000093 | Yantian, China",2026-04-29T08:46:00-06:00,logistics@sunrise-machinery.cn,sandbox-shipments@mtm-logistics.test,"New ONE shipment request - ONEYTT26000093 - 3x 40 HC from Yantian, China","Qingdao Sunrise Machinery Co., Ltd.",logistics@sunrise-machinery.cn,Sandbox Customer El Salvador,"Yantian, China factory zone","Yantian, China",YANTIAN,"VERACRUZ, MEXICO",ONEYTT26000093,3,40 HC,ONEU2600931; ONEU2610930; ONEU2620938,Textile rolls and accessories,2026-05-03T09:00:00-06:00,2026-05-07T18:00:00-06:00,2026-06-03T18:00:00-06:00,Booking por Confirmar,dry-run,
ONE-EMAIL-SEED-20260429080000,901712832326,94,ONE-TT-0094,,,"EMAIL | ONE-TT-0094 | ONEYTT26000094 | Qingdao, China",2026-04-29T08:46:30-06:00,docs@blueocean-ceramics.cn,sandbox-shipments@mtm-logistics.test,"New ONE shipment request - ONEYTT26000094 - 4x 40 HC from Qingdao, China",Xiamen Blue Ocean Ceramics Ltd.,docs@blueocean-ceramics.cn,Sandbox Automotive Imports,"Qingdao, China factory zone","Qingdao, China",QINGDAO,PUERTO SANTO TOMÁS DE CASTILLA,ONEYTT26000094,4,40 HC,ONEU2600947; ONEU2610945; ONEU2620943; ONEU2630941,Plastic household articles,2026-05-04T09:00:00-06:00,2026-05-08T18:00:00-06:00,2026-06-05T18:00:00-06:00,Booking por Confirmar,dry-run,
ONE-EMAIL-SEED-20260429080000,901712832326,95,ONE-TT-0095,,,"EMAIL | ONE-TT-0095 | ONEYTT26000095 | Xiamen, China",2026-04-29T08:47:00-06:00,export.ops@yantian-electronics.cn,sandbox-shipments@mtm-logistics.test,"New ONE shipment request - ONEYTT26000095 - 5x 40 DRY from Xiamen, China","Yantian Global Electronics Co., Ltd.",export.ops@yantian-electronics.cn,Sandbox Retail Distribution,"Xiamen, China factory zone","Xiamen, China",YANTIAN,"Lázaro Cárdenas, México",ONEYTT26000095,5,40 DRY,ONEU2600952; ONEU2610950; ONEU2620959; ONEU2630957; ONEU2640955,"Furniture parts, KD packed",2026-05-05T09:00:00-06:00,2026-05-09T18:00:00-06:00,2026-06-07T18:00:00-06:00,Booking por Confirmar,dry-run,
ONE-EMAIL-SEED-20260429080000,901712832326,96,ONE-TT-0096,,,"EMAIL | ONE-TT-0096 | ONEYTT26000096 | Ningbo, China",2026-04-29T08:47:30-06:00,salesops@meridian-foshan.cn,sandbox-shipments@mtm-logistics.test,"New ONE shipment request - ONEYTT26000096 - 1x 20GP from Ningbo, China",Foshan Meridian Furniture Manufacturing,salesops@meridian-foshan.cn,Sandbox Industrial Supplies,"Ningbo, China factory zone","Ningbo, China",NINGBO,PUERTO QUETZAL,ONEYTT26000096,1,20GP,ONEU2600968,Machinery spare parts,2026-05-06T09:00:00-06:00,2026-05-10T18:00:00-06:00,2026-06-03T18:00:00-06:00,Booking por Confirmar,dry-run,
ONE-EMAIL-SEED-20260429080000,901712832326,97,ONE-TT-0097,,,"EMAIL | ONE-TT-0097 | ONEYTT26000097 | Ningbo, China",2026-04-29T08:48:00-06:00,shipment@pearl-lighting.cn,sandbox-shipments@mtm-logistics.test,"New ONE shipment request - ONEYTT26000097 - 2x 40 DRY from Ningbo, China",Guangzhou Pearl Lighting Factory,shipment@pearl-lighting.cn,Sandbox Customer Guatemala,"Ningbo, China factory zone","Ningbo, China",NINGBO,"MANZANILLO, MEXICO",ONEYTT26000097,2,40 DRY,ONEU2600973; ONEU2610971,"Auto spare parts, non-hazardous",2026-05-07T09:00:00-06:00,2026-05-11T18:00:00-06:00,2026-06-05T18:00:00-06:00,Booking por Confirmar,dry-run,
ONE-EMAIL-SEED-20260429080000,901712832326,98,ONE-TT-0098,,,"EMAIL | ONE-TT-0098 | ONEYTT26000098 | Shekou, China",2026-04-29T08:48:30-06:00,booking@eastline-tools.cn,sandbox-shipments@mtm-logistics.test,"New ONE shipment request - ONEYTT26000098 - 3x 20GP from Shekou, China","Ningbo Eastline Tools Co., Ltd.",booking@eastline-tools.cn,Sandbox Customer Mexico,"Shekou, China factory zone","Shekou, China",SHEKOU,PUERTO QUETZAL,ONEYTT26000098,3,20GP,ONEU2600989; ONEU2610987; ONEU2620985,Household goods and retail fixtures,2026-05-01T09:00:00-06:00,2026-05-12T18:00:00-06:00,2026-06-07T18:00:00-06:00,Booking por Confirmar,dry-run,
ONE-EMAIL-SEED-20260429080000,901712832326,99,ONE-TT-0099,,,"EMAIL | ONE-TT-0099 | ONEYTT26000099 | Yantian, China",2026-04-29T08:49:00-06:00,export@brighttoys-shantou.cn,sandbox-shipments@mtm-logistics.test,"New ONE shipment request - ONEYTT26000099 - 4x 40 DRY from Yantian, China",Shantou Bright Toys Manufacturing,export@brighttoys-shantou.cn,Sandbox Customer El Salvador,"Yantian, China factory zone","Yantian, China",YANTIAN,"VERACRUZ, MEXICO",ONEYTT26000099,4,40 DRY,ONEU2600994; ONEU2610992; ONEU2620990; ONEU2630999,Ceramic tiles and sanitary ware,2026-05-02T09:00:00-06:00,2026-05-04T18:00:00-06:00,2026-05-31T18:00:00-06:00,Booking por Confirmar,dry-run,
ONE-EMAIL-SEED-20260429080000,901712832326,100,ONE-TT-0100,,,"EMAIL | ONE-TT-0100 | ONEYTT26000100 | Qingdao, China",2026-04-29T08:49:30-06:00,logistics@primetextile-suzhou.cn,sandbox-shipments@mtm-logistics.test,"New ONE shipment request - ONEYTT26000100 - 5x 40 HC from Qingdao, China",Suzhou Prime Textile Group,logistics@primetextile-suzhou.cn,Sandbox Automotive Imports,"Qingdao, China factory zone","Qingdao, China",QINGDAO,PUERTO SANTO TOMÁS DE CASTILLA,ONEYTT26000100,5,40 HC,ONEU2601007; ONEU2611005; ONEU2621003; ONEU2631001; ONEU2641000,LED lighting components,2026-05-03T09:00:00-06:00,2026-05-05T18:00:00-06:00,2026-06-02T18:00:00-06:00,Booking por Confirmar,dry-run,
